Academic Art,36
Art Deco,1
Art Nouveau,11
Arts and Crafts movement,4
Ashcan School,5
Baroque,3
Baroque painting,1
Biedermeier,1
Bloomsbury Group,1
Brabant fauvism,1
Cubism,6
Dutch Golden Age painting,2
Düsseldorf school of painting,2
Etaples art colony,1
Expressionism,40
Flemish neo-renaissance,1
Futurism,4
Harlem Renaissance,1
Hoosier Group,3
Hudson River school,1
Impressionism,67
Jack of Diamonds,1
Luminism,1
Macchiaioli,2
Modernism,12
Molse School,1
Munich School,1
Neo-Impressionism,10
Newlyn School,1
Orientalism,30
Orientalist painting,1
Post-Impressionism,29
Precisionism,1
Realism,87
Regionalism,1
Rococo,1
Romantic painting,1
Romanticism,12
Russian avant-garde,1
Scapigliatura,1
Symbolism,49
Synchromism,1
Vienna Secession,1
Volcano School,1
Yōga,3
abstract expressionism,1
aestheticism,1
genre painting,1
mannerism,1
naturalism,2
neo-Pompeian,1
neo-romanticism,1
neoclassicism,4
potato,1
romantic nationalism,2
suprematism,3
surrealism,2
synthetism,1
vorticism,1
École de Nancy,1
